[
  {
    "text": "Schalte den 1 Monitor an",
    "entities": [
      {
        "start": 12,
        "end": 13,
        "value": "1",
        "entity": "display_num_entity"
      },
      {
        "start": 22,
        "end": 24,
        "value": "an",
        "entity": "display_on_off_entity"
      }
    ],
    "predicted_entities": [
      {
        "entity": "percent_entity",
        "start": 12,
        "end": 13,
        "confidence_entity": 0.824152410030365,
        "value": "1",
        "extractor": "DIETClassifier",
        "processors": [
          "EntitySynonymMapper"
        ]
      },
      {
        "entity": "display_on_off_entity",
        "start": 22,
        "end": 24,
        "confidence_entity": 0.9992334842681885,
        "value": "an",
        "extractor": "DIETClassifier",
        "processors": [
          "EntitySynonymMapper"
        ]
      }
    ]
  },
  {
    "text": "1 Bildschirm an schalten",
    "entities": [
      {
        "start": 0,
        "end": 1,
        "value": "1",
        "entity": "display_num_entity"
      },
      {
        "start": 13,
        "end": 15,
        "value": "an",
        "entity": "display_on_off_entity"
      }
    ],
    "predicted_entities": [
      {
        "entity": "percent_entity",
        "start": 0,
        "end": 1,
        "confidence_entity": 0.509600043296814,
        "value": "1",
        "extractor": "DIETClassifier",
        "processors": [
          "EntitySynonymMapper"
        ]
      },
      {
        "entity": "display_on_off_entity",
        "start": 13,
        "end": 15,
        "confidence_entity": 0.9992565512657166,
        "value": "an",
        "extractor": "DIETClassifier",
        "processors": [
          "EntitySynonymMapper"
        ]
      }
    ]
  }
]