{
  "": {
    "precision": 0.0,
    "recall": 0.0,
    "f1-score": 0.0,
    "support": 1
  },
  "goodbye": {
    "precision": 1.0,
    "recall": 1.0,
    "f1-score": 1.0,
    "support": 2
  },
  "im_fine": {
    "precision": 1.0,
    "recall": 1.0,
    "f1-score": 1.0,
    "support": 1
  },
  "action_volume_set": {
    "precision": 0.0,
    "recall": 0.0,
    "f1-score": 0.0,
    "support": 4
  },
  "im_not_fine": {
    "precision": 1.0,
    "recall": 1.0,
    "f1-score": 1.0,
    "support": 1
  },
  "volume_set": {
    "precision": 0.5,
    "recall": 1.0,
    "f1-score": 0.6666666666666666,
    "support": 1
  },
  "utter_hows_it_going": {
    "precision": 1.0,
    "recall": 1.0,
    "f1-score": 1.0,
    "support": 1
  },
  "confirmation_yes": {
    "precision": 1.0,
    "recall": 1.0,
    "f1-score": 1.0,
    "support": 1
  },
  "utter_what_can_i_do_unfriendly": {
    "precision": 1.0,
    "recall": 1.0,
    "f1-score": 1.0,
    "support": 1
  },
  "display_on_off": {
    "precision": 1.0,
    "recall": 1.0,
    "f1-score": 1.0,
    "support": 2
  },
  "utter_goodbye": {
    "precision": 1.0,
    "recall": 1.0,
    "f1-score": 1.0,
    "support": 2
  },
  "confirmation_no": {
    "precision": 1.0,
    "recall": 1.0,
    "f1-score": 1.0,
    "support": 1
  },
  "action_stop": {
    "precision": 1.0,
    "recall": 1.0,
    "f1-score": 1.0,
    "support": 1
  },
  "hello_there": {
    "precision": 1.0,
    "recall": 1.0,
    "f1-score": 1.0,
    "support": 3
  },
  "utter_deactivate": {
    "precision": 1.0,
    "recall": 1.0,
    "f1-score": 1.0,
    "support": 1
  },
  "action_listen": {
    "precision": 1.0,
    "recall": 1.0,
    "f1-score": 1.0,
    "support": 14
  },
  "None": {
    "precision": 0.0,
    "recall": 0.0,
    "f1-score": 0.0,
    "support": 5
  },
  "utter_hello_there": {
    "precision": 1.0,
    "recall": 1.0,
    "f1-score": 1.0,
    "support": 3
  },
  "utter_volume_set": {
    "precision": 1.0,
    "recall": 1.0,
    "f1-score": 1.0,
    "support": 4
  },
  "how_about_you": {
    "precision": 1.0,
    "recall": 1.0,
    "f1-score": 1.0,
    "support": 1
  },
  "utter_not_deactivate": {
    "precision": 1.0,
    "recall": 1.0,
    "f1-score": 1.0,
    "support": 1
  },
  "utter_what_can_i_do": {
    "precision": 1.0,
    "recall": 1.0,
    "f1-score": 1.0,
    "support": 1
  },
  "micro avg": {
    "precision": 0.9767441860465116,
    "recall": 0.8076923076923077,
    "f1-score": 0.8842105263157894,
    "support": 52
  },
  "macro avg": {
    "precision": 0.8409090909090909,
    "recall": 0.8636363636363636,
    "f1-score": 0.8484848484848484,
    "support": 52
  },
  "weighted avg": {
    "precision": 0.7980769230769231,
    "recall": 0.8076923076923077,
    "f1-score": 0.8012820512820512,
    "support": 52
  },
  "accuracy": 0.8076923076923077,
  "conversation_accuracy": {
    "accuracy": 0.5555555555555556,
    "correct": 5,
    "with_warnings": 0,
    "total": 9
  }
}